{"cameraMode":{"drawMode":0,"name":"Shaded","section":"Shading Mode"},"sceneLighting":true,"audioPlay":false,"sceneViewState":{"showFog":true,"showMaterialUpdate":false,"showSkybox":true,"showFlares":true,"showImageEffects":true,"showParticleSystems":true},"in2DMode":false,"pivot":{"x":-5.497715950012207,"y":-2.2316813468933107,"z":-8.071431159973145},"rotation":{"x":-0.07078497856855393,"y":0.9183100461959839,"z":-0.19171158969402314,"w":-0.3390630781650543},"size":23.373031616210939,"orthographic":false}